date,pm25,pm10,o3,no2,so2,co,AQI,Classification
2023-07-01,82.0,60.0,19.0,16.0,1.0,15.0,193.24137931034485,Unhealthy
2023-07-02,99.0,98.0,68.0,24.0,1.0,15.0,193.24137931034485,Unhealthy
2023-07-03,140.0,95.0,90.0,23.0,1.0,14.0,194.63013698630127,Unhealthy
2023-07-04,135.0,69.0,17.0,16.0,1.0,15.0,193.24137931034485,Unhealthy
2023-07-05,121.0,52.0,5.0,15.0,1.0,14.0,184.81981032665965,Unhealthy
2023-07-06,95.0,58.0,6.0,13.0,1.0,15.0,193.24137931034485,Unhealthy
2023-07-07,96.0,45.0,7.0,18.0,1.0,15.0,193.24137931034485,Unhealthy
2023-07-08,93.0,43.0,2.0,12.0,1.0,14.0,176.3448275862069,Unhealthy
2023-07-09,92.0,39.0,11.0,16.0,1.0,15.0,193.24137931034485,Unhealthy
2023-07-10,71.0,59.0,9.0,16.0,1.0,15.0,193.24137931034485,Unhealthy
2023-07-11,97.0,61.0,8.0,14.0,1.0,14.0,176.3448275862069,Unhealthy
2023-07-12,98.0,67.0,9.0,13.0,1.0,14.0,176.3448275862069,Unhealthy
2023-07-21,128.0,68.0,4.0,3.0,1.0,8.0,188.43414120126448,Unhealthy
2023-07-22,111.0,57.0,4.0,4.0,1.0,9.0,179.65648050579557,Unhealthy
2023-07-23,87.0,61.0,6.0,4.0,1.0,9.0,167.2644889357218,Unhealthy
2023-07-24,95.0,78.0,4.0,4.0,1.0,11.0,171.39515279241306,Unhealthy
2023-07-25,130.0,46.0,7.0,8.0,1.0,10.0,189.4668071654373,Unhealthy
2023-07-26,83.0,70.0,13.0,9.0,1.0,10.0,165.1991570073762,Unhealthy
2023-07-27,118.0,60.0,10.0,7.0,1.0,8.0,183.2708113804004,Unhealthy
2023-07-28,96.0,33.0,3.0,6.0,1.0,9.0,171.91148577449948,Unhealthy
2023-07-29,55.0,46.0,11.0,6.0,1.0,9.0,149.01507537688445,Unhealthy for Sensitive Groups
2023-07-30,66.0,72.0,9.0,6.0,1.0,9.0,156.42149631190728,Unhealthy
2023-07-31,123.0,80.0,9.0,5.0,1.0,8.0,185.85247629083244,Unhealthy
2023-08-01,98.0,68.0,6.0,4.0,1.0,9.0,172.94415173867228,Unhealthy
2023-08-02,103.0,67.0,8.0,4.0,1.0,9.0,175.5258166491043,Unhealthy
2023-08-03,111.0,73.0,17.0,7.0,1.0,10.0,179.65648050579557,Unhealthy
2023-08-04,122.0,66.0,4.0,8.0,1.0,8.0,185.33614330874605,Unhealthy
2023-08-05,113.0,73.0,5.0,5.0,1.0,3.0,180.6891464699684,Unhealthy
2023-08-06,113.0,79.0,7.0,4.0,1.0,8.0,180.6891464699684,Unhealthy
2023-08-07,121.0,88.0,6.0,3.0,1.0,8.0,184.81981032665965,Unhealthy
2023-08-08,112.0,110.0,6.0,6.0,1.0,9.0,180.172813487882,Unhealthy
2023-08-09,127.0,95.0,10.0,5.0,1.0,9.0,187.91780821917808,Unhealthy
2023-08-10,112.0,95.0,11.0,5.0,1.0,8.0,180.172813487882,Unhealthy
2023-08-11,115.0,91.0,9.0,4.0,1.0,6.0,181.7218124341412,Unhealthy
2023-08-12,100.0,75.0,10.0,3.0,1.0,7.0,173.9768177028451,Unhealthy
2023-08-13,85.0,84.0,13.0,6.0,1.0,9.0,166.231822971549,Unhealthy
2023-08-14,99.0,83.0,25.0,7.0,1.0,11.0,173.4604847207587,Unhealthy
2023-08-15,135.0,96.0,10.0,8.0,1.0,9.0,192.0484720758693,Unhealthy
2023-08-16,135.0,103.0,10.0,6.0,1.0,7.0,192.0484720758693,Unhealthy
2023-08-17,114.0,121.0,14.0,5.0,1.0,3.0,181.2054794520548,Unhealthy
2023-08-18,127.0,77.0,11.0,8.0,1.0,9.0,187.91780821917808,Unhealthy
2023-08-19,122.0,70.0,22.0,7.0,1.0,8.0,185.33614330874605,Unhealthy
2023-08-20,112.0,72.0,19.0,7.0,1.0,9.0,180.172813487882,Unhealthy
2023-08-21,112.0,74.0,5.0,6.0,1.0,9.0,180.172813487882,Unhealthy
2023-08-22,108.0,52.0,3.0,4.0,1.0,10.0,178.10748155953635,Unhealthy
2023-08-23,73.0,79.0,8.0,6.0,1.0,9.0,160.0358271865121,Unhealthy
2023-08-24,85.0,89.0,9.0,6.0,1.0,9.0,166.231822971549,Unhealthy
2023-08-25,86.0,122.0,11.0,5.0,1.0,8.0,166.7481559536354,Unhealthy
2023-08-26,118.0,142.0,12.0,4.0,1.0,8.0,183.2708113804004,Unhealthy
2023-08-27,135.0,122.0,12.0,5.0,1.0,9.0,192.0484720758693,Unhealthy
2023-08-28,116.0,120.0,13.0,6.0,1.0,8.0,182.2381454162276,Unhealthy
2023-08-29,118.0,114.0,17.0,7.0,1.0,10.0,183.2708113804004,Unhealthy
2023-08-30,128.0,112.0,14.0,8.0,1.0,7.0,188.43414120126448,Unhealthy
2023-08-31,132.0,108.0,11.0,7.0,1.0,8.0,190.49947312961007,Unhealthy
2023-09-01,108.0,105.0,13.0,6.0,1.0,7.0,178.10748155953635,Unhealthy
2023-09-02,105.0,105.0,12.0,6.0,1.0,7.0,176.55848261327714,Unhealthy
2023-09-03,103.0,95.0,14.0,7.0,1.0,7.0,175.5258166491043,Unhealthy
2023-09-04,99.0,84.0,21.0,7.0,2.0,10.0,173.4604847207587,Unhealthy
2023-09-05,112.0,77.0,12.0,9.0,1.0,9.0,180.172813487882,Unhealthy
2023-09-06,78.0,70.0,29.0,10.0,1.0,10.0,162.61749209694415,Unhealthy
2023-09-07,93.0,64.0,17.0,4.0,1.0,5.0,170.36248682824026,Unhealthy
2023-09-08,77.0,34.0,4.0,3.0,1.0,9.0,162.10115911485775,Unhealthy
2023-09-09,54.0,22.0,5.0,2.0,1.0,9.0,146.55276381909547,Unhealthy for Sensitive Groups
2023-09-10,33.0,51.0,8.0,6.0,2.0,11.0,126.34482758620688,Unhealthy for Sensitive Groups
2023-09-11,81.0,66.0,16.0,8.0,1.0,9.0,164.16649104320337,Unhealthy
2023-09-12,102.0,75.0,14.0,7.0,1.0,8.0,175.00948366701792,Unhealthy
2023-09-13,133.0,88.0,6.0,7.0,1.0,10.0,191.0158061116965,Unhealthy
2023-09-14,162.0,53.0,9.0,7.0,1.0,11.0,212.3963963963964,Very Unhealthy
2023-09-15,90.0,39.0,2.0,6.0,1.0,9.0,168.81348788198102,Unhealthy
2023-09-16,92.0,29.0,4.0,3.0,1.0,7.0,169.84615384615384,Unhealthy
2023-09-17,77.0,28.0,5.0,3.0,1.0,7.0,162.10115911485775,Unhealthy
2023-09-18,56.0,51.0,7.0,6.0,1.0,10.0,151.2581664910432,Unhealthy
2023-09-19,71.0,69.0,20.0,9.0,1.0,10.0,159.00316122233932,Unhealthy
2023-09-20,110.0,64.0,13.0,8.0,1.0,9.0,179.14014752370915,Unhealthy
2023-09-21,107.0,71.0,15.0,8.0,1.0,9.0,177.59114857744996,Unhealthy
2023-09-22,125.0,61.0,9.0,9.0,1.0,11.0,186.8851422550053,Unhealthy
2023-04-01,109.0,86.0,24.0,11.0,1.0,5.0,178.62381454162275,Unhealthy
2023-04-02,120.0,113.0,31.0,12.0,2.0,10.0,184.3034773445732,Unhealthy
2023-04-03,141.0,74.0,25.0,9.0,2.0,10.0,195.14646996838772,Unhealthy
2023-04-04,102.0,98.0,26.0,12.0,2.0,11.0,175.00948366701792,Unhealthy
2023-04-05,113.0,107.0,24.0,11.0,2.0,10.0,180.6891464699684,Unhealthy
2023-04-06,93.0,92.0,26.0,12.0,3.0,10.0,170.36248682824026,Unhealthy
2023-04-07,109.0,114.0,35.0,13.0,2.0,8.0,178.62381454162275,Unhealthy
2023-04-08,128.0,83.0,26.0,12.0,2.0,11.0,188.43414120126448,Unhealthy
2023-04-09,97.0,115.0,32.0,16.0,2.0,11.0,172.42781875658588,Unhealthy
2023-04-10,141.0,183.0,32.0,17.0,4.0,13.0,195.14646996838772,Unhealthy
2023-04-11,179.0,138.0,25.0,15.0,2.0,13.0,229.24324324324323,Very Unhealthy
2023-04-12,140.0,139.0,28.0,15.0,2.0,13.0,194.63013698630127,Unhealthy
2023-04-13,147.0,132.0,25.0,17.0,3.0,16.0,204.3221476510067,Very Unhealthy
2023-04-14,142.0,139.0,37.0,21.0,3.0,16.0,204.3221476510067,Very Unhealthy
2023-04-15,144.0,161.0,20.0,25.0,2.0,12.0,196.695468914647,Unhealthy
2023-04-16,141.0,120.0,32.0,18.0,2.0,20.0,230.8993288590604,Very Unhealthy
2023-04-17,97.0,145.0,20.0,17.0,2.0,9.0,172.42781875658588,Unhealthy
2023-04-18,124.0,213.0,30.0,10.0,2.0,6.0,186.36880927291887,Unhealthy
2023-04-19,133.0,94.0,24.0,10.0,2.0,14.0,191.0158061116965,Unhealthy
2023-04-20,105.0,101.0,29.0,10.0,2.0,15.0,193.24137931034485,Unhealthy
2023-04-21,105.0,102.0,36.0,11.0,2.0,15.0,193.24137931034485,Unhealthy
2023-04-22,109.0,88.0,24.0,9.0,1.0,20.0,230.8993288590604,Very Unhealthy
2023-04-23,76.0,109.0,34.0,16.0,3.0,13.0,161.58482613277133,Unhealthy
2023-04-24,118.0,111.0,36.0,13.0,2.0,14.0,183.2708113804004,Unhealthy
2023-04-25,136.0,147.0,46.0,18.0,2.0,17.0,210.9664429530201,Very Unhealthy
2023-04-26,163.0,194.0,41.0,13.0,2.0,14.0,213.38738738738732,Very Unhealthy
2023-04-27,163.0,114.0,33.0,16.0,3.0,17.0,213.38738738738732,Very Unhealthy
2023-04-28,143.0,132.0,25.0,12.0,2.0,11.0,196.1791359325606,Unhealthy
2023-04-29,143.0,78.0,27.0,10.0,3.0,15.0,196.1791359325606,Unhealthy
2023-04-30,126.0,67.0,9.0,8.0,2.0,15.0,193.24137931034485,Unhealthy
2023-05-01,129.0,65.0,16.0,7.0,2.0,15.0,193.24137931034485,Unhealthy
2023-05-02,115.0,70.0,17.0,9.0,2.0,15.0,193.24137931034485,Unhealthy
2023-05-03,122.0,84.0,39.0,11.0,2.0,15.0,193.24137931034485,Unhealthy
2023-05-04,139.0,109.0,36.0,14.0,2.0,15.0,194.11380400421496,Unhealthy
2023-05-05,162.0,132.0,22.0,14.0,3.0,15.0,212.3963963963964,Very Unhealthy
2023-05-06,155.0,114.0,33.0,12.0,2.0,13.0,205.45945945945945,Very Unhealthy
2023-05-07,142.0,102.0,24.0,12.0,2.0,14.0,195.66280295047417,Unhealthy
2023-05-08,131.0,140.0,39.0,13.0,3.0,14.0,189.9831401475237,Unhealthy
2023-05-09,163.0,117.0,35.0,13.0,3.0,15.0,213.38738738738732,Very Unhealthy
2023-05-10,145.0,218.0,44.0,21.0,4.0,18.0,217.6107382550336,Very Unhealthy
2023-05-11,206.0,161.0,40.0,20.0,2.0,21.0,256.0,Very Unhealthy
2023-05-12,157.0,161.0,46.0,20.0,3.0,17.0,210.9664429530201,Very Unhealthy
2023-05-13,170.0,187.0,37.0,15.0,3.0,14.0,220.32432432432432,Very Unhealthy
2023-05-14,172.0,103.0,20.0,9.0,2.0,15.0,222.3063063063063,Very Unhealthy
2023-05-15,78.0,510.0,23.0,8.0,2.0,15.0,395.4972067039106,Hazardous
2023-05-16,159.0,235.0,23.0,13.0,3.0,13.0,209.42342342342343,Very Unhealthy
2023-05-17,147.0,83.0,33.0,6.0,2.0,13.0,198.2444678609062,Unhealthy
2023-05-18,96.0,103.0,35.0,8.0,3.0,13.0,171.91148577449948,Unhealthy
2023-05-19,132.0,119.0,36.0,11.0,3.0,15.0,193.24137931034485,Unhealthy
2023-05-20,131.0,141.0,44.0,18.0,3.0,20.0,230.8993288590604,Very Unhealthy
2023-05-21,144.0,144.0,23.0,10.0,2.0,15.0,196.695468914647,Unhealthy
2023-05-22,122.0,160.0,21.0,6.0,2.0,12.0,185.33614330874605,Unhealthy
2023-05-23,103.0,80.0,17.0,5.0,2.0,11.0,175.5258166491043,Unhealthy
2023-05-24,73.0,100.0,33.0,6.0,2.0,10.0,160.0358271865121,Unhealthy
2023-05-25,74.0,77.0,29.0,9.0,2.0,13.0,160.55216016859853,Unhealthy
2023-05-26,69.0,72.0,28.0,12.0,2.0,13.0,159.44827586206895,Unhealthy
2023-05-27,92.0,96.0,29.0,13.0,2.0,7.0,169.84615384615384,Unhealthy
2023-05-28,127.0,94.0,21.0,9.0,2.0,10.0,187.91780821917808,Unhealthy
2023-05-29,96.0,77.0,27.0,8.0,2.0,12.0,171.91148577449948,Unhealthy
2023-05-30,112.0,56.0,20.0,8.0,2.0,9.0,180.172813487882,Unhealthy
2023-05-31,88.0,71.0,25.0,9.0,2.0,14.0,176.3448275862069,Unhealthy
2023-06-01,108.0,77.0,30.0,9.0,2.0,13.0,178.10748155953635,Unhealthy
2023-06-02,98.0,83.0,30.0,11.0,3.0,12.0,172.94415173867228,Unhealthy
2023-06-03,115.0,119.0,29.0,14.0,3.0,15.0,193.24137931034485,Unhealthy
2023-06-04,155.0,96.0,33.0,10.0,2.0,14.0,205.45945945945945,Very Unhealthy
2023-06-05,137.0,246.0,39.0,8.0,2.0,14.0,193.08113804004216,Unhealthy
2023-06-06,135.0,355.0,35.0,9.0,3.0,15.0,201.0,Very Unhealthy
2023-06-07,161.0,103.0,34.0,12.0,3.0,14.0,211.40540540540545,Very Unhealthy
2023-06-08,121.0,99.0,28.0,8.0,2.0,12.0,184.81981032665965,Unhealthy
2023-06-09,104.0,100.0,20.0,8.0,2.0,14.0,176.3448275862069,Unhealthy
2023-06-10,89.0,97.0,26.0,6.0,1.0,15.0,193.24137931034485,Unhealthy
2023-06-11,93.0,115.0,23.0,7.0,2.0,14.0,176.3448275862069,Unhealthy
2023-06-12,116.0,156.0,15.0,8.0,2.0,13.0,182.2381454162276,Unhealthy
2023-06-13,129.0,139.0,11.0,4.0,2.0,14.0,188.95047418335088,Unhealthy
2023-06-14,103.0,100.0,14.0,5.0,2.0,13.0,175.5258166491043,Unhealthy
2023-06-15,86.0,83.0,13.0,8.0,2.0,16.0,204.3221476510067,Very Unhealthy
2023-06-16,95.0,83.0,18.0,7.0,1.0,9.0,171.39515279241306,Unhealthy
2023-06-17,105.0,69.0,14.0,5.0,2.0,13.0,176.55848261327714,Unhealthy
2023-06-18,92.0,63.0,7.0,6.0,1.0,15.0,193.24137931034485,Unhealthy
2023-06-19,82.0,78.0,13.0,7.0,2.0,14.0,176.3448275862069,Unhealthy
2023-06-20,115.0,81.0,18.0,7.0,1.0,14.0,181.7218124341412,Unhealthy
2023-06-21,110.0,81.0,2.0,11.0,1.0,15.0,193.24137931034485,Unhealthy
2023-06-22,112.0,103.0,12.0,8.0,1.0,14.0,180.172813487882,Unhealthy
2023-06-23,132.0,103.0,10.0,8.0,1.0,14.0,190.49947312961007,Unhealthy
2023-06-25,78.0,70.0,12.0,28.0,1.0,14.0,176.3448275862069,Unhealthy
2023-06-26,114.0,62.0,9.0,21.0,1.0,14.0,181.2054794520548,Unhealthy
2023-06-27,100.0,70.0,18.0,23.0,1.0,16.0,204.3221476510067,Very Unhealthy
2023-06-28,93.0,76.0,22.0,19.0,1.0,13.0,170.36248682824026,Unhealthy
2023-06-29,107.0,59.0,14.0,21.0,1.0,13.0,177.59114857744996,Unhealthy
2023-06-30,84.0,54.0,15.0,15.0,1.0,13.0,165.71548998946258,Unhealthy
2023-01-02,310.0,210.0,4.0,13.0,4.0,6.0,348.3809523809524,Hazardous
2023-01-03,309.0,162.0,8.0,12.0,3.0,9.0,347.5846338535414,Hazardous
2023-01-04,245.0,179.0,7.0,14.0,2.0,8.0,294.64864864864865,Very Unhealthy
2023-01-05,275.0,296.0,6.0,16.0,2.0,9.0,320.5098039215686,Hazardous
2023-01-06,336.0,279.0,5.0,15.0,4.0,9.0,369.0852340936375,Hazardous
2023-01-07,296.0,241.0,9.0,13.0,2.0,10.0,337.2324929971989,Hazardous
2023-01-08,323.0,408.0,4.0,19.0,2.0,11.0,358.7330932372949,Hazardous
2023-01-09,442.0,250.0,7.0,13.0,2.0,10.0,453.49499799919965,Hazardous
2023-01-10,310.0,169.0,8.0,12.0,2.0,6.0,348.3809523809524,Hazardous
2023-01-11,243.0,156.0,11.0,10.0,2.0,7.0,292.66666666666663,Very Unhealthy
2023-01-12,243.0,168.0,13.0,12.0,3.0,8.0,292.66666666666663,Very Unhealthy
2023-01-13,268.0,130.0,13.0,9.0,2.0,5.0,314.9355742296919,Hazardous
2023-01-14,215.0,104.0,18.0,13.0,3.0,8.0,264.9189189189189,Very Unhealthy
2023-01-15,158.0,147.0,20.0,16.0,2.0,8.0,208.4324324324324,Very Unhealthy
2023-01-16,207.0,146.0,17.0,16.0,1.0,11.0,256.990990990991,Very Unhealthy
2023-01-17,216.0,182.0,21.0,18.0,2.0,7.0,265.9099099099099,Very Unhealthy
2023-01-18,230.0,230.0,18.0,23.0,3.0,7.0,279.78378378378375,Very Unhealthy
2023-01-19,274.0,94.0,16.0,10.0,2.0,2.0,319.71348539415766,Hazardous
2023-01-20,165.0,179.0,20.0,17.0,2.0,8.0,215.36936936936937,Very Unhealthy
2023-01-21,244.0,223.0,20.0,18.0,3.0,10.0,293.65765765765764,Very Unhealthy
2023-01-22,309.0,154.0,19.0,17.0,3.0,10.0,347.5846338535414,Hazardous
2023-01-23,224.0,96.0,9.0,11.0,2.0,9.0,273.8378378378378,Very Unhealthy
2023-01-24,157.0,97.0,4.0,11.0,2.0,12.0,207.44144144144144,Very Unhealthy
2023-01-25,171.0,115.0,7.0,8.0,1.0,10.0,221.3153153153153,Very Unhealthy
2023-01-26,201.0,95.0,19.0,12.0,1.0,10.0,251.04504504504504,Very Unhealthy
2023-01-27,170.0,115.0,23.0,17.0,2.0,14.0,220.32432432432432,Very Unhealthy
2023-01-28,179.0,155.0,6.0,17.0,1.0,20.0,230.8993288590604,Very Unhealthy
2023-01-29,248.0,58.0,3.0,11.0,1.0,11.0,297.6216216216216,Very Unhealthy
2023-02-01,164.0,93.0,10.0,13.0,1.0,11.0,214.3783783783784,Very Unhealthy
2023-02-02,164.0,109.0,10.0,14.0,1.0,14.0,214.3783783783784,Very Unhealthy
2023-02-03,169.0,128.0,11.0,13.0,1.0,12.0,219.3333333333333,Very Unhealthy
2023-02-04,188.0,109.0,12.0,12.0,1.0,14.0,238.16216216216216,Very Unhealthy
2023-02-05,169.0,157.0,9.0,13.0,1.0,21.0,237.54362416107384,Very Unhealthy
2023-02-06,204.0,133.0,6.0,13.0,1.0,12.0,254.018018018018,Very Unhealthy
2023-02-07,182.0,89.0,10.0,13.0,1.0,12.0,232.21621621621625,Very Unhealthy
2023-02-08,147.0,106.0,10.0,16.0,1.0,11.0,198.2444678609062,Unhealthy
2023-02-09,132.0,107.0,3.0,14.0,2.0,14.0,190.49947312961007,Unhealthy
2023-02-10,169.0,153.0,15.0,15.0,1.0,12.0,219.3333333333333,Very Unhealthy
2023-02-11,199.0,84.0,18.0,8.0,2.0,9.0,249.06306306306303,Very Unhealthy
2023-02-12,122.0,84.0,19.0,7.0,2.0,9.0,185.33614330874605,Unhealthy
2023-02-13,114.0,86.0,21.0,12.0,2.0,11.0,181.2054794520548,Unhealthy
2023-02-14,135.0,114.0,23.0,16.0,2.0,12.0,192.0484720758693,Unhealthy
2023-02-15,167.0,181.0,28.0,25.0,2.0,12.0,217.35135135135133,Very Unhealthy
2023-02-16,215.0,232.0,27.0,27.0,2.0,18.0,264.9189189189189,Very Unhealthy
2023-02-17,254.0,207.0,32.0,23.0,2.0,20.0,303.7871148459384,Hazardous
2023-02-18,250.0,181.0,30.0,18.0,2.0,18.0,299.6036036036036,Very Unhealthy
2023-02-19,227.0,172.0,27.0,17.0,2.0,16.0,276.81081081081084,Very Unhealthy
2023-02-20,216.0,141.0,25.0,19.0,1.0,14.0,265.9099099099099,Very Unhealthy
2023-02-21,186.0,145.0,22.0,14.0,2.0,16.0,236.18018018018017,Very Unhealthy
2023-02-22,199.0,111.0,18.0,13.0,1.0,12.0,249.06306306306303,Very Unhealthy
2023-02-23,148.0,115.0,24.0,15.0,2.0,14.0,198.76080084299264,Unhealthy
2023-02-24,158.0,143.0,33.0,17.0,2.0,12.0,208.4324324324324,Very Unhealthy
2023-02-25,177.0,204.0,29.0,19.0,3.0,14.0,227.26126126126127,Very Unhealthy
2023-02-26,203.0,142.0,28.0,19.0,2.0,17.0,253.02702702702703,Very Unhealthy
2023-02-27,179.0,125.0,18.0,14.0,1.0,13.0,229.24324324324323,Very Unhealthy
2023-02-28,161.0,129.0,16.0,14.0,1.0,11.0,211.40540540540545,Very Unhealthy
2023-03-01,149.0,127.0,23.0,14.0,1.0,13.0,199.27713382507903,Unhealthy
2023-03-02,162.0,88.0,17.0,10.0,1.0,9.0,212.3963963963964,Very Unhealthy
2023-03-03,134.0,84.0,15.0,9.0,1.0,11.0,191.5321390937829,Unhealthy
2023-03-04,122.0,78.0,20.0,9.0,1.0,9.0,185.33614330874605,Unhealthy
2023-03-05,122.0,78.0,24.0,10.0,1.0,12.0,185.33614330874605,Unhealthy
2023-03-06,130.0,102.0,28.0,13.0,1.0,13.0,189.4668071654373,Unhealthy
2023-03-08,170.0,80.0,1.0,12.0,1.0,16.0,220.32432432432432,Very Unhealthy
2023-03-09,126.0,110.0,1.0,13.0,2.0,12.0,187.4014752370917,Unhealthy
2023-03-10,165.0,115.0,1.0,15.0,2.0,14.0,215.36936936936937,Very Unhealthy
2023-03-11,153.0,137.0,1.0,17.0,2.0,14.0,203.47747747747744,Very Unhealthy
2023-03-12,168.0,125.0,1.0,18.0,1.0,13.0,218.3423423423424,Very Unhealthy
2023-03-13,156.0,119.0,1.0,14.0,2.0,12.0,206.4504504504505,Very Unhealthy
2023-03-14,162.0,119.0,1.0,19.0,1.0,16.0,212.3963963963964,Very Unhealthy
2023-03-15,152.0,151.0,1.0,17.0,2.0,12.0,202.48648648648648,Very Unhealthy
2023-03-16,175.0,150.0,1.0,16.0,4.0,10.0,225.27927927927928,Very Unhealthy
2023-03-17,181.0,84.0,13.0,13.0,2.0,10.0,231.2252252252252,Very Unhealthy
2023-03-18,147.0,99.0,30.0,11.0,2.0,10.0,198.2444678609062,Unhealthy
2023-03-19,166.0,76.0,15.0,9.0,1.0,9.0,216.36036036036035,Very Unhealthy
2023-03-20,122.0,50.0,19.0,8.0,2.0,10.0,185.33614330874605,Unhealthy
2023-03-21,119.0,107.0,29.0,11.0,2.0,9.0,183.78714436248683,Unhealthy
2023-03-22,165.0,82.0,25.0,12.0,2.0,13.0,215.36936936936937,Very Unhealthy
2023-03-23,128.0,113.0,14.0,14.0,2.0,12.0,188.43414120126448,Unhealthy
2023-03-24,155.0,46.0,20.0,8.0,1.0,12.0,205.45945945945945,Very Unhealthy
2023-03-25,91.0,111.0,24.0,10.0,1.0,10.0,169.32982086406744,Unhealthy
2023-03-26,140.0,74.0,27.0,9.0,2.0,10.0,194.63013698630127,Unhealthy
2023-03-27,120.0,83.0,27.0,11.0,2.0,11.0,184.3034773445732,Unhealthy
2023-03-28,128.0,117.0,37.0,14.0,2.0,11.0,188.43414120126448,Unhealthy
2023-03-29,153.0,91.0,34.0,10.0,2.0,10.0,203.47747747747744,Very Unhealthy
2023-03-30,138.0,42.0,22.0,10.0,2.0,8.0,193.59747102212856,Unhealthy
2023-03-31,86.0,71.0,28.0,10.0,2.0,9.0,166.7481559536354,Unhealthy
2022-10-01,150.0,98.0,16.0,12.0,2.0,10.0,199.79346680716543,Unhealthy
2022-10-02,149.0,78.0,14.0,10.0,1.0,5.0,199.27713382507903,Unhealthy
2022-10-03,114.0,92.0,22.0,13.0,2.0,7.0,181.2054794520548,Unhealthy
2022-10-04,141.0,111.0,19.0,13.0,2.0,6.0,195.14646996838772,Unhealthy
2022-10-05,172.0,30.0,4.0,5.0,1.0,4.0,222.3063063063063,Very Unhealthy
2022-10-06,54.0,26.0,3.0,6.0,2.0,5.0,146.55276381909547,Unhealthy for Sensitive Groups
2022-10-07,64.0,6.0,1.0,7.0,2.0,4.0,155.38883034773446,Unhealthy
2022-10-08,43.0,5.0,4.0,7.0,2.0,4.0,119.46733668341707,Unhealthy for Sensitive Groups
2022-10-09,37.0,7.0,1.0,5.0,1.0,4.0,104.6934673366834,Unhealthy for Sensitive Groups
2022-10-10,46.0,64.0,11.0,12.0,2.0,16.0,204.3221476510067,Very Unhealthy
2022-10-11,119.0,90.0,16.0,11.0,1.0,7.0,183.78714436248683,Unhealthy
2022-10-12,153.0,79.0,19.0,11.0,1.0,7.0,203.47747747747744,Very Unhealthy
2022-10-13,125.0,101.0,23.0,13.0,2.0,7.0,186.8851422550053,Unhealthy
2022-10-14,155.0,115.0,26.0,14.0,2.0,11.0,205.45945945945945,Very Unhealthy
2022-10-15,166.0,130.0,33.0,15.0,3.0,12.0,216.36036036036035,Very Unhealthy
2022-10-16,175.0,130.0,31.0,18.0,2.0,14.0,225.27927927927928,Very Unhealthy
2022-10-17,174.0,131.0,30.0,17.0,3.0,16.0,224.2882882882883,Very Unhealthy
2022-10-18,174.0,141.0,28.0,19.0,2.0,16.0,224.2882882882883,Very Unhealthy
2022-10-19,170.0,151.0,30.0,20.0,2.0,18.0,220.32432432432432,Very Unhealthy
2022-10-20,177.0,149.0,19.0,23.0,2.0,19.0,227.26126126126127,Very Unhealthy
2022-10-21,178.0,147.0,17.0,16.0,2.0,16.0,228.25225225225225,Very Unhealthy
2022-10-22,185.0,131.0,22.0,19.0,2.0,14.0,235.1891891891892,Very Unhealthy
2022-10-23,186.0,152.0,32.0,16.0,3.0,11.0,236.18018018018017,Very Unhealthy
2022-10-24,230.0,212.0,28.0,14.0,4.0,12.0,279.78378378378375,Very Unhealthy
2022-10-25,222.0,143.0,31.0,20.0,2.0,13.0,271.85585585585585,Very Unhealthy
2022-10-26,195.0,173.0,17.0,23.0,2.0,22.0,245.0990990990991,Very Unhealthy
2022-10-27,235.0,196.0,27.0,25.0,3.0,17.0,284.73873873873873,Very Unhealthy
2022-10-28,247.0,225.0,29.0,23.0,2.0,19.0,296.6306306306306,Very Unhealthy
2022-10-29,284.0,176.0,29.0,20.0,2.0,24.0,327.6766706682673,Hazardous
2022-10-30,238.0,217.0,18.0,25.0,2.0,18.0,287.7117117117117,Very Unhealthy
2022-10-31,296.0,265.0,29.0,27.0,2.0,17.0,337.2324929971989,Hazardous
2022-11-01,313.0,269.0,26.0,20.0,1.0,15.0,350.7699079631853,Hazardous
2022-11-02,307.0,441.0,27.0,25.0,1.0,17.0,345.99199679871947,Hazardous
2022-11-06,233.0,166.0,10.0,23.0,3.0,19.0,282.7567567567568,Very Unhealthy
2022-11-07,201.0,237.0,11.0,15.0,1.0,14.0,251.04504504504504,Very Unhealthy
2022-11-08,323.0,108.0,21.0,17.0,2.0,11.0,358.7330932372949,Hazardous
2022-11-09,168.0,144.0,22.0,17.0,1.0,13.0,218.3423423423424,Very Unhealthy
2022-11-10,207.0,211.0,20.0,14.0,1.0,12.0,256.990990990991,Very Unhealthy
2022-11-11,288.0,183.0,23.0,15.0,2.0,9.0,330.8619447779112,Hazardous
2022-11-12,272.0,141.0,23.0,18.0,3.0,14.0,318.12084833933574,Hazardous
2022-11-13,223.0,139.0,21.0,19.0,2.0,18.0,272.84684684684686,Very Unhealthy
2022-11-14,201.0,115.0,19.0,20.0,2.0,13.0,251.04504504504504,Very Unhealthy
2022-11-15,167.0,117.0,18.0,15.0,2.0,11.0,217.35135135135133,Very Unhealthy
2022-11-16,178.0,123.0,20.0,15.0,1.0,12.0,228.25225225225225,Very Unhealthy
2022-11-17,200.0,140.0,23.0,16.0,2.0,12.0,250.0540540540541,Very Unhealthy
2022-11-18,211.0,144.0,23.0,21.0,2.0,16.0,260.9549549549549,Very Unhealthy
2022-11-19,197.0,153.0,23.0,19.0,2.0,15.0,247.0810810810811,Very Unhealthy
2022-11-20,222.0,140.0,20.0,18.0,2.0,13.0,271.85585585585585,Very Unhealthy
2022-11-21,213.0,122.0,20.0,16.0,2.0,9.0,262.93693693693695,Very Unhealthy
2022-11-22,183.0,113.0,20.0,16.0,2.0,9.0,233.2072072072072,Very Unhealthy
2022-11-23,171.0,114.0,21.0,17.0,2.0,9.0,221.3153153153153,Very Unhealthy
2022-11-24,173.0,156.0,23.0,22.0,2.0,12.0,223.2972972972973,Very Unhealthy
2022-11-25,195.0,172.0,25.0,22.0,2.0,19.0,245.0990990990991,Very Unhealthy
2022-11-26,245.0,157.0,22.0,21.0,2.0,15.0,294.64864864864865,Very Unhealthy
2022-11-27,235.0,181.0,18.0,26.0,2.0,16.0,284.73873873873873,Very Unhealthy
2022-11-28,242.0,206.0,20.0,27.0,2.0,19.0,291.6756756756757,Very Unhealthy
2022-11-29,269.0,182.0,19.0,22.0,2.0,19.0,315.73189275710286,Hazardous
2022-11-30,247.0,192.0,23.0,21.0,2.0,22.0,296.6306306306306,Very Unhealthy
2022-12-01,269.0,174.0,17.0,23.0,2.0,13.0,315.73189275710286,Hazardous
2022-12-02,235.0,212.0,19.0,24.0,2.0,14.0,284.73873873873873,Very Unhealthy
2022-12-03,272.0,195.0,20.0,19.0,1.0,18.0,318.12084833933574,Hazardous
2022-12-04,279.0,154.0,17.0,20.0,2.0,16.0,323.69507803121246,Hazardous
2022-12-05,240.0,160.0,16.0,18.0,2.0,14.0,289.6936936936937,Very Unhealthy
2022-12-06,256.0,127.0,16.0,14.0,2.0,12.0,305.3797519007603,Hazardous
2022-12-07,198.0,127.0,17.0,16.0,2.0,15.0,248.07207207207207,Very Unhealthy
2022-12-08,193.0,159.0,20.0,19.0,2.0,18.0,243.11711711711712,Very Unhealthy
2022-12-09,223.0,212.0,6.0,21.0,2.0,16.0,272.84684684684686,Very Unhealthy
2022-12-10,276.0,136.0,11.0,16.0,2.0,14.0,321.3061224489796,Hazardous
2022-12-11,209.0,114.0,11.0,14.0,1.0,13.0,258.97297297297297,Very Unhealthy
2022-12-12,171.0,93.0,12.0,11.0,1.0,8.0,221.3153153153153,Very Unhealthy
2022-12-13,149.0,90.0,18.0,7.0,1.0,7.0,199.27713382507903,Unhealthy
2022-12-14,158.0,108.0,14.0,15.0,3.0,11.0,208.4324324324324,Very Unhealthy
2022-12-15,159.0,111.0,16.0,15.0,2.0,14.0,209.42342342342343,Very Unhealthy
2022-12-16,177.0,136.0,16.0,16.0,1.0,19.0,227.26126126126127,Very Unhealthy
2022-12-17,214.0,215.0,17.0,18.0,2.0,23.0,263.92792792792795,Very Unhealthy
2022-12-18,303.0,238.0,14.0,20.0,2.0,27.0,342.8067226890756,Hazardous
2022-12-19,276.0,199.0,14.0,17.0,2.0,20.0,321.3061224489796,Hazardous
2022-12-20,286.0,178.0,7.0,13.0,1.0,14.0,329.26930772308924,Hazardous
2022-12-21,250.0,240.0,9.0,17.0,2.0,16.0,299.6036036036036,Very Unhealthy
2022-12-22,312.0,211.0,11.0,20.0,3.0,18.0,349.9735894357744,Hazardous
2022-12-23,300.0,158.0,10.0,16.0,3.0,12.0,340.41776710684275,Hazardous
2022-12-24,248.0,145.0,8.0,11.0,2.0,10.0,297.6216216216216,Very Unhealthy
2022-12-25,223.0,233.0,3.0,18.0,3.0,16.0,272.84684684684686,Very Unhealthy
2022-12-26,312.0,155.0,11.0,14.0,2.0,15.0,349.9735894357744,Hazardous
2022-12-27,257.0,135.0,16.0,15.0,3.0,12.0,306.1760704281713,Hazardous
2022-12-28,221.0,196.0,17.0,22.0,3.0,14.0,270.86486486486484,Very Unhealthy
2022-12-29,261.0,226.0,10.0,16.0,2.0,13.0,309.3613445378151,Hazardous
2022-12-30,320.0,165.0,10.0,12.0,2.0,8.0,356.344137655062,Hazardous
2022-12-31,244.0,117.0,17.0,12.0,3.0,10.0,293.65765765765764,Very Unhealthy
2023-01-01,196.0,207.0,11.0,15.0,2.0,9.0,246.0900900900901,Very Unhealthy
2022-07-01,109.0,68.0,10.0,8.0,2.0,12.0,178.62381454162275,Unhealthy
2022-07-02,117.0,54.0,9.0,8.0,2.0,14.0,182.754478398314,Unhealthy
2022-07-03,100.0,106.0,11.0,12.0,2.0,16.0,204.3221476510067,Very Unhealthy
2022-07-04,162.0,109.0,2.0,9.0,1.0,12.0,212.3963963963964,Very Unhealthy
2022-07-05,155.0,84.0,1.0,5.0,2.0,10.0,205.45945945945945,Very Unhealthy
2022-07-06,144.0,72.0,2.0,9.0,2.0,11.0,196.695468914647,Unhealthy
2022-07-07,94.0,76.0,7.0,10.0,2.0,12.0,170.87881981032666,Unhealthy
2022-07-08,102.0,77.0,4.0,9.0,1.0,11.0,175.00948366701792,Unhealthy
2022-07-09,115.0,69.0,8.0,8.0,1.0,11.0,181.7218124341412,Unhealthy
2022-07-10,105.0,79.0,13.0,14.0,1.0,14.0,176.55848261327714,Unhealthy
2022-07-11,122.0,72.0,7.0,14.0,1.0,13.0,185.33614330874605,Unhealthy
2022-07-12,105.0,74.0,11.0,11.0,1.0,13.0,176.55848261327714,Unhealthy
2022-07-13,105.0,72.0,11.0,11.0,1.0,12.0,176.55848261327714,Unhealthy
2022-07-14,93.0,63.0,12.0,8.0,2.0,11.0,170.36248682824026,Unhealthy
2022-07-15,70.0,51.0,24.0,9.0,2.0,12.0,158.4868282402529,Unhealthy
2022-07-16,78.0,50.0,15.0,8.0,1.0,11.0,162.61749209694415,Unhealthy
2022-07-17,86.0,81.0,13.0,9.0,1.0,12.0,166.7481559536354,Unhealthy
2022-07-18,120.0,84.0,23.0,13.0,1.0,14.0,184.3034773445732,Unhealthy
2022-07-19,118.0,60.0,6.0,8.0,1.0,12.0,183.2708113804004,Unhealthy
2022-07-20,90.0,70.0,21.0,14.0,1.0,12.0,168.81348788198102,Unhealthy
2022-07-22,131.0,48.0,7.0,9.0,1.0,11.0,189.9831401475237,Unhealthy
2022-07-23,80.0,47.0,8.0,7.0,1.0,11.0,163.65015806111697,Unhealthy
2022-07-24,68.0,48.0,7.0,6.0,1.0,11.0,157.4541622760801,Unhealthy
2022-07-25,68.0,51.0,7.0,6.0,1.0,11.0,157.4541622760801,Unhealthy
2022-07-26,82.0,55.0,6.0,7.0,1.0,11.0,164.6828240252898,Unhealthy
2022-07-27,88.0,41.0,7.0,8.0,1.0,12.0,167.78082191780825,Unhealthy
2022-07-28,65.0,35.0,4.0,7.0,1.0,12.0,155.90516332982085,Unhealthy
2022-07-29,57.0,45.0,4.0,8.0,1.0,12.0,151.77449947312962,Unhealthy
2022-07-30,65.0,46.0,6.0,8.0,1.0,13.0,159.44827586206895,Unhealthy
2022-07-31,73.0,55.0,7.0,8.0,1.0,12.0,160.0358271865121,Unhealthy
2022-08-01,69.0,63.0,12.0,9.0,1.0,13.0,159.44827586206895,Unhealthy
2022-08-03,134.0,74.0,6.0,10.0,1.0,12.0,191.5321390937829,Unhealthy
2022-08-04,129.0,58.0,4.0,10.0,1.0,14.0,188.95047418335088,Unhealthy
2022-08-05,111.0,79.0,13.0,12.0,1.0,14.0,179.65648050579557,Unhealthy
2022-08-06,140.0,67.0,3.0,10.0,1.0,11.0,194.63013698630127,Unhealthy
2022-08-07,115.0,78.0,14.0,10.0,1.0,15.0,193.24137931034485,Unhealthy
2022-08-08,127.0,78.0,9.0,10.0,1.0,12.0,187.91780821917808,Unhealthy
2022-08-09,116.0,61.0,8.0,9.0,1.0,11.0,182.2381454162276,Unhealthy
2022-08-10,68.0,47.0,3.0,7.0,1.0,11.0,157.4541622760801,Unhealthy
2022-08-11,55.0,57.0,4.0,9.0,1.0,11.0,149.01507537688445,Unhealthy for Sensitive Groups
2022-08-12,78.0,55.0,8.0,8.0,1.0,13.0,162.61749209694415,Unhealthy
2022-08-13,90.0,53.0,9.0,9.0,1.0,11.0,168.81348788198102,Unhealthy
2022-08-14,81.0,41.0,6.0,6.0,1.0,11.0,164.16649104320337,Unhealthy
2022-08-15,67.0,44.0,5.0,5.0,1.0,10.0,156.93782929399367,Unhealthy
2022-08-17,47.0,47.0,11.0,9.0,1.0,2.0,129.31658291457288,Unhealthy for Sensitive Groups
2022-08-18,62.0,47.0,8.0,7.0,1.0,2.0,154.35616438356163,Unhealthy
2022-08-19,58.0,69.0,8.0,11.0,1.0,3.0,152.29083245521602,Unhealthy
2022-08-20,92.0,89.0,15.0,10.0,1.0,3.0,169.84615384615384,Unhealthy
2022-08-21,130.0,78.0,6.0,8.0,1.0,2.0,189.4668071654373,Unhealthy
2022-08-22,104.0,57.0,7.0,5.0,1.0,1.0,176.04214963119074,Unhealthy
2022-08-23,81.0,53.0,5.0,8.0,1.0,2.0,164.16649104320337,Unhealthy
2022-08-24,73.0,74.0,20.0,11.0,1.0,2.0,160.0358271865121,Unhealthy
2022-08-25,102.0,78.0,9.0,9.0,1.0,9.0,175.00948366701792,Unhealthy
2022-08-26,100.0,79.0,9.0,7.0,1.0,10.0,173.9768177028451,Unhealthy
2022-08-27,97.0,94.0,8.0,8.0,1.0,11.0,172.42781875658588,Unhealthy
2022-08-28,102.0,96.0,16.0,9.0,1.0,10.0,175.00948366701792,Unhealthy
2022-08-29,110.0,89.0,14.0,13.0,1.0,13.0,179.14014752370915,Unhealthy
2022-08-30,127.0,85.0,13.0,10.0,1.0,12.0,187.91780821917808,Unhealthy
2022-08-31,116.0,81.0,19.0,12.0,1.0,11.0,182.2381454162276,Unhealthy
2022-09-01,119.0,86.0,9.0,14.0,1.0,15.0,193.24137931034485,Unhealthy
2022-09-02,115.0,77.0,8.0,7.0,1.0,9.0,181.7218124341412,Unhealthy
2022-09-03,90.0,64.0,11.0,8.0,1.0,12.0,168.81348788198102,Unhealthy
2022-09-04,67.0,66.0,15.0,8.0,1.0,11.0,156.93782929399367,Unhealthy
2022-09-05,72.0,88.0,12.0,10.0,1.0,7.0,159.5194942044257,Unhealthy
2022-09-06,103.0,87.0,20.0,11.0,2.0,7.0,175.5258166491043,Unhealthy
2022-09-07,115.0,101.0,25.0,12.0,2.0,6.0,181.7218124341412,Unhealthy
2022-09-08,150.0,90.0,18.0,10.0,1.0,6.0,199.79346680716543,Unhealthy
2022-09-09,147.0,74.0,8.0,9.0,1.0,6.0,198.2444678609062,Unhealthy
2022-09-10,135.0,63.0,12.0,8.0,1.0,6.0,192.0484720758693,Unhealthy
2022-09-11,96.0,59.0,9.0,8.0,1.0,6.0,171.91148577449948,Unhealthy
2022-09-12,77.0,51.0,5.0,7.0,2.0,5.0,162.10115911485775,Unhealthy
2022-09-13,53.0,46.0,5.0,7.0,2.0,5.0,144.09045226130655,Unhealthy for Sensitive Groups
2022-09-14,55.0,36.0,5.0,6.0,2.0,5.0,149.01507537688445,Unhealthy for Sensitive Groups
2022-09-15,57.0,23.0,2.0,7.0,1.0,8.0,151.77449947312962,Unhealthy
2022-09-16,44.0,69.0,13.0,8.0,1.0,6.0,121.92964824120602,Unhealthy for Sensitive Groups
2022-09-17,94.0,85.0,21.0,10.0,2.0,7.0,170.87881981032666,Unhealthy
2022-09-18,113.0,116.0,12.0,13.0,1.0,9.0,180.6891464699684,Unhealthy
2022-09-19,158.0,90.0,17.0,11.0,2.0,9.0,208.4324324324324,Very Unhealthy
2022-09-20,130.0,77.0,10.0,11.0,1.0,7.0,189.4668071654373,Unhealthy
2022-09-21,122.0,45.0,5.0,8.0,1.0,7.0,185.33614330874605,Unhealthy
2022-09-22,84.0,36.0,3.0,9.0,1.0,7.0,165.71548998946258,Unhealthy
2022-09-23,91.0,29.0,1.0,7.0,1.0,5.0,169.32982086406744,Unhealthy
2022-09-24,79.0,21.0,7.0,7.0,1.0,6.0,163.13382507903054,Unhealthy
2022-09-25,67.0,61.0,10.0,9.0,1.0,7.0,156.93782929399367,Unhealthy
2022-09-26,126.0,69.0,11.0,10.0,1.0,7.0,187.4014752370917,Unhealthy
2022-09-27,113.0,88.0,13.0,11.0,1.0,9.0,180.6891464699684,Unhealthy
2022-09-28,138.0,85.0,14.0,11.0,1.0,8.0,193.59747102212856,Unhealthy
2022-09-29,147.0,96.0,20.0,13.0,1.0,6.0,198.2444678609062,Unhealthy
2022-09-30,166.0,88.0,10.0,15.0,2.0,14.0,216.36036036036035,Very Unhealthy
2022-04-01,135.0,120.0,33.0,25.0,2.0,9.0,192.0484720758693,Unhealthy
2022-04-02,166.0,109.0,32.0,21.0,2.0,9.0,216.36036036036035,Very Unhealthy
2022-04-03,163.0,149.0,26.0,21.0,2.0,9.0,213.38738738738732,Very Unhealthy
2022-04-04,173.0,151.0,26.0,21.0,2.0,10.0,223.2972972972973,Very Unhealthy
2022-04-05,165.0,147.0,26.0,23.0,2.0,9.0,215.36936936936937,Very Unhealthy
2022-04-06,166.0,138.0,28.0,23.0,2.0,9.0,216.36036036036035,Very Unhealthy
2022-04-07,181.0,150.0,25.0,25.0,3.0,9.0,231.2252252252252,Very Unhealthy
2022-04-08,143.0,217.0,35.0,24.0,5.0,10.0,196.1791359325606,Unhealthy
2022-04-09,165.0,240.0,31.0,21.0,5.0,9.0,215.36936936936937,Very Unhealthy
2022-04-10,175.0,207.0,30.0,25.0,5.0,11.0,225.27927927927928,Very Unhealthy
2022-04-11,178.0,238.0,20.0,29.0,4.0,15.0,228.25225225225225,Very Unhealthy
2022-04-12,178.0,318.0,19.0,26.0,3.0,14.0,228.25225225225225,Very Unhealthy
2022-04-13,185.0,291.0,31.0,13.0,3.0,9.0,235.1891891891892,Very Unhealthy
2022-04-14,153.0,150.0,40.0,20.0,4.0,12.0,203.47747747747744,Very Unhealthy
2022-04-15,152.0,223.0,36.0,24.0,5.0,14.0,202.48648648648648,Very Unhealthy
2022-04-16,177.0,200.0,43.0,27.0,4.0,16.0,227.26126126126127,Very Unhealthy
2022-04-17,181.0,265.0,49.0,35.0,4.0,20.0,231.2252252252252,Very Unhealthy
2022-04-18,182.0,271.0,28.0,23.0,4.0,12.0,232.21621621621625,Very Unhealthy
2022-04-19,187.0,203.0,23.0,17.0,4.0,12.0,237.1711711711712,Very Unhealthy
2022-04-20,158.0,204.0,2.0,20.0,4.0,19.0,224.25503355704697,Very Unhealthy
2022-04-21,156.0,159.0,32.0,17.0,3.0,14.0,206.4504504504505,Very Unhealthy
2022-04-22,137.0,220.0,31.0,23.0,3.0,15.0,193.24137931034485,Unhealthy
2022-04-23,167.0,231.0,33.0,19.0,5.0,11.0,217.35135135135133,Very Unhealthy
2022-04-24,197.0,218.0,33.0,14.0,4.0,10.0,247.0810810810811,Very Unhealthy
2022-04-25,167.0,143.0,34.0,22.0,3.0,15.0,217.35135135135133,Very Unhealthy
2022-04-26,164.0,222.0,36.0,26.0,4.0,15.0,214.3783783783784,Very Unhealthy
2022-04-27,199.0,257.0,29.0,26.0,4.0,20.0,249.06306306306303,Very Unhealthy
2022-04-28,216.0,289.0,24.0,24.0,5.0,14.0,265.9099099099099,Very Unhealthy
2022-04-29,224.0,199.0,22.0,22.0,5.0,13.0,273.8378378378378,Very Unhealthy
2022-04-30,182.0,213.0,17.0,13.0,3.0,8.0,232.21621621621625,Very Unhealthy
2022-05-01,168.0,158.0,19.0,10.0,3.0,11.0,218.3423423423424,Very Unhealthy
2022-05-02,156.0,264.0,16.0,11.0,3.0,12.0,206.4504504504505,Very Unhealthy
2022-05-03,171.0,143.0,13.0,12.0,3.0,11.0,221.3153153153153,Very Unhealthy
2022-05-04,147.0,114.0,38.0,19.0,3.0,15.0,198.2444678609062,Unhealthy
2022-05-05,147.0,202.0,25.0,20.0,3.0,11.0,198.2444678609062,Unhealthy
2022-05-06,200.0,169.0,34.0,15.0,3.0,10.0,250.0540540540541,Very Unhealthy
2022-05-07,161.0,142.0,11.0,13.0,4.0,11.0,211.40540540540545,Very Unhealthy
2022-05-09,149.0,107.0,22.0,10.0,2.0,10.0,199.27713382507903,Unhealthy
2022-05-10,154.0,110.0,25.0,11.0,3.0,11.0,204.46846846846847,Very Unhealthy
2022-05-11,153.0,122.0,31.0,12.0,3.0,11.0,203.47747747747744,Very Unhealthy
2022-05-12,157.0,173.0,45.0,21.0,3.0,16.0,207.44144144144144,Very Unhealthy
2022-05-13,165.0,211.0,37.0,25.0,3.0,18.0,217.6107382550336,Very Unhealthy
2022-05-14,168.0,214.0,28.0,25.0,3.0,18.0,218.3423423423424,Very Unhealthy
2022-05-15,155.0,361.0,21.0,15.0,2.0,13.0,209.6086956521739,Very Unhealthy
2022-05-16,184.0,156.0,43.0,15.0,3.0,11.0,234.1981981981982,Very Unhealthy
2022-05-17,143.0,181.0,35.0,17.0,4.0,11.0,196.1791359325606,Unhealthy
2022-05-18,158.0,166.0,35.0,19.0,4.0,13.0,208.4324324324324,Very Unhealthy
2022-05-19,165.0,245.0,27.0,19.0,2.0,11.0,215.36936936936937,Very Unhealthy
2022-05-20,164.0,265.0,22.0,11.0,2.0,9.0,214.3783783783784,Very Unhealthy
2022-05-21,151.0,126.0,42.0,12.0,3.0,9.0,201.4954954954955,Very Unhealthy
2022-05-22,151.0,74.0,16.0,7.0,2.0,9.0,201.4954954954955,Very Unhealthy
2022-05-23,81.0,61.0,21.0,10.0,2.0,11.0,164.16649104320337,Unhealthy
2022-05-24,110.0,122.0,36.0,16.0,2.0,12.0,179.14014752370915,Unhealthy
2022-05-25,171.0,147.0,59.0,19.0,3.0,11.0,221.3153153153153,Very Unhealthy
2022-05-26,173.0,145.0,21.0,15.0,2.0,10.0,223.2972972972973,Very Unhealthy
2022-05-27,163.0,319.0,17.0,14.0,2.0,12.0,213.38738738738732,Very Unhealthy
2022-05-28,173.0,188.0,26.0,11.0,3.0,10.0,223.2972972972973,Very Unhealthy
2022-05-29,160.0,146.0,26.0,11.0,2.0,10.0,210.4144144144144,Very Unhealthy
2022-05-30,157.0,406.0,37.0,26.0,2.0,21.0,274.17391304347825,Very Unhealthy
2022-05-31,184.0,236.0,35.0,21.0,2.0,14.0,234.1981981981982,Very Unhealthy
2022-06-01,164.0,177.0,30.0,23.0,2.0,16.0,214.3783783783784,Very Unhealthy
2022-06-02,152.0,206.0,37.0,23.0,3.0,16.0,204.3221476510067,Very Unhealthy
2022-06-03,156.0,175.0,38.0,24.0,2.0,17.0,210.9664429530201,Very Unhealthy
2022-06-04,148.0,156.0,25.0,18.0,2.0,11.0,198.76080084299264,Unhealthy
2022-06-05,134.0,151.0,23.0,24.0,2.0,19.0,224.25503355704697,Very Unhealthy
2022-06-06,129.0,314.0,22.0,17.0,1.0,12.0,188.95047418335088,Unhealthy
2022-06-07,164.0,305.0,18.0,13.0,2.0,11.0,214.3783783783784,Very Unhealthy
2022-06-08,157.0,172.0,23.0,15.0,1.0,12.0,207.44144144144144,Very Unhealthy
2022-06-09,138.0,298.0,18.0,13.0,2.0,10.0,193.59747102212856,Unhealthy
2022-06-10,161.0,218.0,18.0,12.0,2.0,12.0,211.40540540540545,Very Unhealthy
2022-06-11,149.0,215.0,22.0,13.0,2.0,12.0,199.27713382507903,Unhealthy
2022-06-12,154.0,141.0,19.0,10.0,1.0,11.0,204.46846846846847,Very Unhealthy
2022-06-13,120.0,174.0,17.0,8.0,2.0,10.0,184.3034773445732,Unhealthy
2022-06-14,131.0,92.0,18.0,6.0,2.0,10.0,189.9831401475237,Unhealthy
2022-06-15,86.0,97.0,26.0,8.0,2.0,11.0,166.7481559536354,Unhealthy
2022-06-16,90.0,62.0,12.0,10.0,2.0,11.0,168.81348788198102,Unhealthy
2022-06-17,82.0,58.0,14.0,9.0,1.0,12.0,164.6828240252898,Unhealthy
2022-06-18,103.0,83.0,14.0,11.0,1.0,12.0,175.5258166491043,Unhealthy
2022-06-19,124.0,86.0,21.0,12.0,2.0,11.0,186.36880927291887,Unhealthy
2022-06-20,126.0,93.0,18.0,15.0,2.0,12.0,187.4014752370917,Unhealthy
2022-06-21,127.0,109.0,22.0,13.0,1.0,11.0,187.91780821917808,Unhealthy
2022-06-22,139.0,120.0,27.0,12.0,1.0,10.0,194.11380400421496,Unhealthy
2022-06-23,139.0,133.0,32.0,15.0,2.0,13.0,194.11380400421496,Unhealthy
2022-06-24,145.0,170.0,57.0,19.0,2.0,14.0,197.2118018967334,Unhealthy
2022-06-25,161.0,104.0,19.0,10.0,2.0,11.0,211.40540540540545,Very Unhealthy
2022-06-26,148.0,95.0,17.0,8.0,1.0,11.0,198.76080084299264,Unhealthy
2022-06-27,144.0,120.0,16.0,10.0,1.0,13.0,196.695468914647,Unhealthy
2022-06-28,164.0,116.0,6.0,8.0,2.0,12.0,214.3783783783784,Very Unhealthy
2022-06-29,142.0,61.0,4.0,11.0,1.0,12.0,195.66280295047417,Unhealthy
2022-06-30,117.0,61.0,2.0,10.0,2.0,13.0,182.754478398314,Unhealthy
2022-01-03,275.0,184.0,12.0,20.0,2.0,10.0,320.5098039215686,Hazardous
2022-01-04,267.0,229.0,2.0,16.0,2.0,8.0,314.13925570228093,Hazardous
2022-01-05,345.0,86.0,7.0,9.0,2.0,9.0,376.25210084033614,Hazardous
2022-01-06,183.0,70.0,5.0,8.0,2.0,9.0,233.2072072072072,Very Unhealthy
2022-01-07,153.0,52.0,4.0,7.0,2.0,8.0,203.47747747747744,Very Unhealthy
2022-01-08,131.0,57.0,2.0,7.0,2.0,9.0,189.9831401475237,Unhealthy
2022-01-09,121.0,99.0,10.0,10.0,2.0,9.0,184.81981032665965,Unhealthy
2022-01-10,175.0,106.0,11.0,10.0,2.0,8.0,225.27927927927928,Very Unhealthy
2022-01-11,185.0,130.0,13.0,12.0,2.0,10.0,235.1891891891892,Very Unhealthy
2022-01-12,187.0,219.0,6.0,16.0,2.0,9.0,237.1711711711712,Very Unhealthy
2022-01-13,309.0,184.0,4.0,12.0,2.0,8.0,347.5846338535414,Hazardous
2022-01-14,276.0,130.0,3.0,9.0,2.0,8.0,321.3061224489796,Hazardous
2022-01-15,211.0,129.0,10.0,10.0,2.0,9.0,260.9549549549549,Very Unhealthy
2022-01-16,214.0,159.0,8.0,12.0,2.0,8.0,263.92792792792795,Very Unhealthy
2022-01-17,252.0,171.0,8.0,12.0,2.0,9.0,302.19447779111647,Hazardous
2022-01-18,258.0,205.0,11.0,13.0,2.0,9.0,306.97238895558223,Hazardous
2022-01-19,261.0,206.0,8.0,10.0,2.0,9.0,309.3613445378151,Hazardous
2022-01-20,284.0,160.0,11.0,13.0,2.0,9.0,327.6766706682673,Hazardous
2022-01-21,245.0,107.0,5.0,9.0,2.0,8.0,294.64864864864865,Very Unhealthy
2022-01-22,200.0,99.0,6.0,8.0,2.0,10.0,250.0540540540541,Very Unhealthy
2022-01-25,202.0,124.0,3.0,9.0,2.0,9.0,252.036036036036,Very Unhealthy
2022-01-26,199.0,123.0,13.0,13.0,2.0,8.0,249.06306306306303,Very Unhealthy
2022-01-27,205.0,107.0,20.0,15.0,2.0,9.0,255.009009009009,Very Unhealthy
2022-01-28,180.0,120.0,20.0,16.0,2.0,9.0,230.23423423423424,Very Unhealthy
2022-01-29,198.0,127.0,22.0,14.0,2.0,9.0,248.07207207207207,Very Unhealthy
2022-01-30,213.0,185.0,14.0,15.0,2.0,9.0,262.93693693693695,Very Unhealthy
2022-01-31,302.0,156.0,11.0,20.0,1.0,9.0,342.01040416166467,Hazardous
2022-02-01,267.0,132.0,24.0,12.0,1.0,9.0,314.13925570228093,Hazardous
2022-02-02,235.0,109.0,11.0,8.0,2.0,8.0,284.73873873873873,Very Unhealthy
2022-02-03,214.0,62.0,11.0,9.0,1.0,9.0,263.92792792792795,Very Unhealthy
2022-02-04,137.0,118.0,14.0,14.0,1.0,10.0,193.08113804004216,Unhealthy
2022-02-05,203.0,117.0,21.0,17.0,1.0,8.0,253.02702702702703,Very Unhealthy
2022-02-06,200.0,121.0,20.0,17.0,2.0,9.0,250.0540540540541,Very Unhealthy
2022-02-07,184.0,149.0,19.0,18.0,2.0,9.0,234.1981981981982,Very Unhealthy
2022-02-08,200.0,104.0,13.0,13.0,2.0,8.0,250.0540540540541,Very Unhealthy
2022-02-09,174.0,105.0,17.0,13.0,2.0,8.0,224.2882882882883,Very Unhealthy
2022-02-10,163.0,109.0,20.0,16.0,2.0,8.0,213.38738738738732,Very Unhealthy
2022-02-11,161.0,105.0,22.0,16.0,2.0,9.0,211.40540540540545,Very Unhealthy
2022-02-12,160.0,137.0,24.0,17.0,2.0,9.0,210.4144144144144,Very Unhealthy
2022-02-13,193.0,136.0,24.0,16.0,2.0,10.0,243.11711711711712,Very Unhealthy
2022-02-14,181.0,155.0,22.0,18.0,2.0,10.0,231.2252252252252,Very Unhealthy
2022-02-15,173.0,198.0,20.0,23.0,2.0,9.0,223.2972972972973,Very Unhealthy
2022-02-16,199.0,148.0,22.0,19.0,2.0,9.0,249.06306306306303,Very Unhealthy
2022-02-17,175.0,132.0,17.0,17.0,1.0,8.0,225.27927927927928,Very Unhealthy
2022-02-18,174.0,114.0,21.0,15.0,1.0,8.0,224.2882882882883,Very Unhealthy
2022-02-19,163.0,105.0,22.0,14.0,1.0,9.0,213.38738738738732,Very Unhealthy
2022-02-20,172.0,107.0,18.0,17.0,1.0,10.0,222.3063063063063,Very Unhealthy
2022-02-21,147.0,157.0,22.0,13.0,1.0,9.0,198.2444678609062,Unhealthy
2022-02-22,172.0,120.0,19.0,11.0,1.0,10.0,222.3063063063063,Very Unhealthy
2022-02-23,183.0,168.0,21.0,17.0,1.0,9.0,233.2072072072072,Very Unhealthy
2022-02-24,222.0,152.0,20.0,15.0,1.0,8.0,271.85585585585585,Very Unhealthy
2022-02-25,209.0,49.0,15.0,9.0,1.0,9.0,258.97297297297297,Very Unhealthy
2022-02-26,77.0,61.0,18.0,10.0,1.0,8.0,162.10115911485775,Unhealthy
2022-02-27,106.0,75.0,18.0,14.0,1.0,9.0,177.07481559536353,Unhealthy
2022-02-28,111.0,106.0,27.0,15.0,1.0,9.0,179.65648050579557,Unhealthy
2022-03-01,166.0,130.0,24.0,17.0,2.0,9.0,216.36036036036035,Very Unhealthy
2022-03-02,176.0,104.0,21.0,15.0,1.0,9.0,226.27027027027023,Very Unhealthy
2022-03-03,155.0,96.0,16.0,11.0,1.0,8.0,205.45945945945945,Very Unhealthy
2022-03-04,156.0,74.0,21.0,12.0,1.0,9.0,206.4504504504505,Very Unhealthy
2022-03-05,131.0,101.0,29.0,17.0,1.0,9.0,189.9831401475237,Unhealthy
2022-03-06,161.0,163.0,32.0,22.0,2.0,10.0,211.40540540540545,Very Unhealthy
2022-03-07,184.0,152.0,21.0,18.0,2.0,9.0,234.1981981981982,Very Unhealthy
2022-03-08,180.0,101.0,17.0,15.0,2.0,8.0,230.23423423423424,Very Unhealthy
2022-03-09,138.0,97.0,20.0,14.0,2.0,9.0,193.59747102212856,Unhealthy
2022-03-10,129.0,107.0,20.0,15.0,1.0,8.0,188.95047418335088,Unhealthy
2022-03-11,152.0,106.0,24.0,15.0,1.0,9.0,202.48648648648648,Very Unhealthy
2022-03-12,149.0,119.0,26.0,17.0,2.0,9.0,199.27713382507903,Unhealthy
2022-03-13,164.0,158.0,28.0,16.0,2.0,8.0,214.3783783783784,Very Unhealthy
2022-03-14,180.0,146.0,26.0,16.0,2.0,8.0,230.23423423423424,Very Unhealthy
2022-03-15,183.0,126.0,20.0,14.0,1.0,8.0,233.2072072072072,Very Unhealthy
2022-03-16,163.0,141.0,41.0,17.0,2.0,9.0,213.38738738738732,Very Unhealthy
2022-03-17,183.0,132.0,3.0,12.0,1.0,8.0,233.2072072072072,Very Unhealthy
2022-03-18,196.0,126.0,18.0,13.0,1.0,9.0,246.0900900900901,Very Unhealthy
2022-03-19,180.0,132.0,25.0,17.0,2.0,9.0,230.23423423423424,Very Unhealthy
2022-03-20,167.0,166.0,25.0,15.0,2.0,8.0,217.35135135135133,Very Unhealthy
2022-03-21,192.0,112.0,25.0,10.0,2.0,8.0,242.1261261261261,Very Unhealthy
2022-03-22,156.0,139.0,28.0,18.0,2.0,10.0,206.4504504504505,Very Unhealthy
2022-03-23,166.0,212.0,17.0,20.0,2.0,9.0,216.36036036036035,Very Unhealthy
2022-03-24,170.0,131.0,19.0,16.0,2.0,8.0,220.32432432432432,Very Unhealthy
2022-03-25,157.0,137.0,20.0,15.0,2.0,9.0,207.44144144144144,Very Unhealthy
2022-03-26,157.0,131.0,7.0,19.0,1.0,10.0,207.44144144144144,Very Unhealthy
2022-03-27,163.0,155.0,24.0,23.0,1.0,10.0,213.38738738738732,Very Unhealthy
2022-03-28,159.0,159.0,24.0,20.0,1.0,9.0,209.42342342342343,Very Unhealthy
2022-03-29,160.0,219.0,36.0,25.0,2.0,10.0,210.4144144144144,Very Unhealthy
2022-03-30,178.0,279.0,29.0,26.0,2.0,9.0,228.25225225225225,Very Unhealthy
2022-03-31,208.0,115.0,25.0,17.0,2.0,10.0,257.981981981982,Very Unhealthy
2021-10-01,128.0,83.0,14.0,9.0,1.0,9.0,188.43414120126448,Unhealthy
2021-10-02,134.0,71.0,9.0,7.0,1.0,8.0,191.5321390937829,Unhealthy
2021-10-03,89.0,75.0,12.0,9.0,1.0,11.0,168.29715489989462,Unhealthy
2021-10-04,77.0,86.0,28.0,9.0,1.0,9.0,162.10115911485775,Unhealthy
2021-10-05,110.0,83.0,17.0,9.0,1.0,8.0,179.14014752370915,Unhealthy
2021-10-06,127.0,93.0,24.0,10.0,1.0,9.0,187.91780821917808,Unhealthy
2021-10-07,147.0,127.0,26.0,10.0,2.0,7.0,198.2444678609062,Unhealthy
2021-10-08,155.0,115.0,26.0,13.0,2.0,13.0,205.45945945945945,Very Unhealthy
2021-10-09,123.0,115.0,23.0,12.0,2.0,12.0,185.85247629083244,Unhealthy
2021-10-10,132.0,105.0,21.0,13.0,2.0,15.0,193.24137931034485,Unhealthy
2021-10-11,129.0,130.0,22.0,14.0,2.0,12.0,188.95047418335088,Unhealthy
2021-10-12,144.0,123.0,7.0,13.0,2.0,8.0,196.695468914647,Unhealthy
2021-10-13,152.0,124.0,23.0,15.0,2.0,10.0,202.48648648648648,Very Unhealthy
2021-10-14,152.0,127.0,39.0,16.0,2.0,14.0,202.48648648648648,Very Unhealthy
2021-10-15,167.0,194.0,42.0,21.0,3.0,18.0,217.6107382550336,Very Unhealthy
2021-10-16,213.0,116.0,7.0,11.0,1.0,8.0,262.93693693693695,Very Unhealthy
2021-10-17,163.0,28.0,6.0,6.0,1.0,9.0,213.38738738738732,Very Unhealthy
2021-10-18,46.0,70.0,17.0,9.0,1.0,10.0,126.85427135678393,Unhealthy for Sensitive Groups
2021-10-19,116.0,120.0,25.0,13.0,1.0,15.0,193.24137931034485,Unhealthy
2021-10-20,171.0,134.0,20.0,14.0,1.0,11.0,221.3153153153153,Very Unhealthy
2021-10-21,143.0,108.0,18.0,12.0,1.0,13.0,196.1791359325606,Unhealthy
2021-10-22,118.0,104.0,17.0,12.0,2.0,10.0,183.2708113804004,Unhealthy
2021-10-23,140.0,86.0,18.0,9.0,1.0,8.0,194.63013698630127,Unhealthy
2021-10-24,141.0,64.0,20.0,11.0,1.0,10.0,195.14646996838772,Unhealthy
2021-10-25,102.0,102.0,23.0,11.0,1.0,15.0,193.24137931034485,Unhealthy
2021-10-26,150.0,147.0,18.0,16.0,2.0,11.0,199.79346680716543,Unhealthy
2021-10-27,177.0,143.0,22.0,15.0,1.0,12.0,227.26126126126127,Very Unhealthy
2021-10-28,186.0,151.0,23.0,17.0,1.0,14.0,236.18018018018017,Very Unhealthy
2021-10-29,185.0,143.0,20.0,15.0,1.0,9.0,235.1891891891892,Very Unhealthy
2021-10-30,178.0,159.0,26.0,15.0,1.0,12.0,228.25225225225225,Very Unhealthy
2021-10-31,195.0,176.0,22.0,17.0,2.0,17.0,245.0990990990991,Very Unhealthy
2021-11-01,204.0,151.0,19.0,15.0,1.0,12.0,254.018018018018,Very Unhealthy
2021-11-02,193.0,166.0,22.0,15.0,1.0,13.0,243.11711711711712,Very Unhealthy
2021-11-03,209.0,294.0,25.0,14.0,1.0,13.0,258.97297297297297,Very Unhealthy
2021-11-04,330.0,552.0,13.0,13.0,1.0,14.0,442.1899441340783,Hazardous
2021-11-05,396.0,292.0,22.0,15.0,1.0,12.0,416.86434573829536,Hazardous
2021-11-06,377.0,245.0,24.0,15.0,1.0,12.0,401.734293717487,Hazardous
2021-11-07,315.0,223.0,24.0,16.0,1.0,12.0,352.3625450180072,Hazardous
2021-11-08,308.0,251.0,23.0,17.0,2.0,13.0,346.7883153261305,Hazardous
2021-11-09,318.0,225.0,31.0,18.0,2.0,15.0,354.7515006002401,Hazardous
2021-11-10,278.0,310.0,3.0,17.0,1.0,16.0,322.8987595038015,Hazardous
2021-11-11,356.0,429.0,17.0,17.0,1.0,16.0,385.0116046418568,Hazardous
2021-11-12,447.0,299.0,3.0,18.0,1.0,13.0,457.4765906362545,Hazardous
2021-11-13,330.0,168.0,15.0,22.0,2.0,14.0,364.3073229291717,Hazardous
2021-11-14,231.0,204.0,16.0,25.0,1.0,13.0,280.7747747747748,Very Unhealthy
2021-11-15,250.0,262.0,21.0,21.0,1.0,13.0,299.6036036036036,Very Unhealthy
2021-11-16,311.0,236.0,22.0,21.0,1.0,10.0,349.17727090836337,Hazardous
2021-11-17,276.0,195.0,20.0,22.0,1.0,21.0,321.3061224489796,Hazardous
2021-11-18,246.0,223.0,19.0,23.0,2.0,17.0,295.63963963963965,Very Unhealthy
2021-11-19,292.0,208.0,23.0,20.0,2.0,15.0,334.047218887555,Hazardous
2021-11-20,276.0,182.0,22.0,9.0,1.0,10.0,321.3061224489796,Hazardous
2021-11-21,259.0,157.0,20.0,8.0,1.0,6.0,307.7687074829932,Hazardous
2021-11-22,193.0,157.0,20.0,9.0,1.0,15.0,243.11711711711712,Very Unhealthy
2021-11-23,206.0,247.0,22.0,14.0,2.0,17.0,256.0,Very Unhealthy
2021-11-24,281.0,326.0,21.0,11.0,1.0,13.0,325.28771508603444,Hazardous
2021-11-25,333.0,305.0,20.0,13.0,2.0,22.0,366.69627851140456,Hazardous
2021-11-26,341.0,244.0,17.0,10.0,1.0,24.0,373.0668267306923,Hazardous
2021-11-27,307.0,287.0,19.0,8.0,1.0,15.0,345.99199679871947,Hazardous
2021-11-28,340.0,199.0,16.0,9.0,1.0,17.0,372.2705082032813,Hazardous
2021-11-29,284.0,190.0,17.0,16.0,1.0,13.0,327.6766706682673,Hazardous
2021-12-01,287.0,266.0,2.0,21.0,1.0,12.0,330.0656262505002,Hazardous
2021-12-03,262.0,161.0,21.0,19.0,1.0,16.0,310.1576630652261,Hazardous
2021-12-04,237.0,176.0,15.0,24.0,1.0,22.0,286.7207207207207,Very Unhealthy
2021-12-08,188.0,154.0,14.0,20.0,1.0,13.0,238.16216216216216,Very Unhealthy
2021-12-09,219.0,151.0,14.0,17.0,1.0,12.0,268.8828828828829,Very Unhealthy
2021-12-10,215.0,117.0,18.0,16.0,1.0,11.0,264.9189189189189,Very Unhealthy
2021-12-12,194.0,211.0,12.0,21.0,2.0,20.0,244.1081081081081,Very Unhealthy
2021-12-13,271.0,292.0,21.0,20.0,2.0,17.0,317.3245298119248,Hazardous
2021-12-14,318.0,180.0,19.0,16.0,2.0,13.0,354.7515006002401,Hazardous
2021-12-15,261.0,219.0,18.0,19.0,2.0,12.0,309.3613445378151,Hazardous
2021-12-16,309.0,132.0,19.0,14.0,2.0,7.0,347.5846338535414,Hazardous
2021-12-17,210.0,140.0,13.0,15.0,1.0,9.0,259.963963963964,Very Unhealthy
2021-12-18,208.0,149.0,1.0,16.0,1.0,12.0,257.981981981982,Very Unhealthy
2021-12-19,220.0,208.0,9.0,21.0,2.0,12.0,269.8738738738739,Very Unhealthy
2021-12-20,259.0,298.0,13.0,25.0,2.0,21.0,307.7687074829932,Hazardous
2021-12-21,317.0,303.0,11.0,27.0,2.0,17.0,353.95518207282913,Hazardous
2021-12-22,345.0,424.0,10.0,27.0,2.0,20.0,376.25210084033614,Hazardous
2021-12-23,380.0,332.0,9.0,18.0,2.0,11.0,404.1232492997199,Hazardous
2021-12-24,323.0,385.0,9.0,22.0,2.0,11.0,358.7330932372949,Hazardous
2021-12-25,410.0,344.0,6.0,16.0,1.0,9.0,428.0128051220488,Hazardous
2021-12-26,416.0,134.0,8.0,11.0,2.0,10.0,432.7907162865146,Hazardous
2021-12-28,215.0,141.0,9.0,14.0,2.0,10.0,264.9189189189189,Very Unhealthy
2021-12-29,207.0,176.0,11.0,15.0,2.0,10.0,256.990990990991,Very Unhealthy
2021-12-30,233.0,179.0,11.0,16.0,2.0,9.0,282.7567567567568,Very Unhealthy
2021-12-31,266.0,200.0,12.0,18.0,2.0,9.0,313.34293717487,Hazardous
2022-01-02,393.0,206.0,16.0,23.0,2.0,10.0,414.4753901560624,Hazardous
2021-07-01,97.0,148.0,11.0,6.0,2.0,5.0,172.42781875658588,Unhealthy
2021-07-02,108.0,85.0,10.0,7.0,2.0,5.0,178.10748155953635,Unhealthy
2021-07-03,92.0,98.0,25.0,11.0,2.0,7.0,169.84615384615384,Unhealthy
2021-07-04,126.0,94.0,22.0,8.0,2.0,5.0,187.4014752370917,Unhealthy
2021-07-05,103.0,99.0,20.0,8.0,3.0,5.0,175.5258166491043,Unhealthy
2021-07-06,113.0,101.0,16.0,10.0,2.0,5.0,180.6891464699684,Unhealthy
2021-07-07,112.0,121.0,14.0,8.0,2.0,5.0,180.172813487882,Unhealthy
2021-07-08,108.0,71.0,14.0,6.0,2.0,5.0,178.10748155953635,Unhealthy
2021-07-09,116.0,53.0,12.0,5.0,2.0,5.0,182.2381454162276,Unhealthy
2021-07-10,71.0,60.0,6.0,4.0,2.0,4.0,159.00316122233932,Unhealthy
2021-07-11,112.0,56.0,5.0,3.0,2.0,5.0,180.172813487882,Unhealthy
2021-07-12,91.0,43.0,7.0,8.0,2.0,7.0,169.32982086406744,Unhealthy
2021-07-13,78.0,47.0,41.0,10.0,2.0,6.0,162.61749209694415,Unhealthy
2021-07-14,83.0,68.0,18.0,6.0,2.0,5.0,165.1991570073762,Unhealthy
2021-07-15,116.0,66.0,6.0,6.0,1.0,5.0,182.2381454162276,Unhealthy
2021-07-16,100.0,73.0,13.0,8.0,2.0,5.0,173.9768177028451,Unhealthy
2021-07-17,125.0,52.0,6.0,7.0,2.0,5.0,186.8851422550053,Unhealthy
2021-07-18,89.0,18.0,1.0,8.0,2.0,6.0,168.29715489989462,Unhealthy
2021-07-19,49.0,49.0,5.0,8.0,2.0,6.0,134.24120603015075,Unhealthy for Sensitive Groups
2021-07-20,94.0,60.0,8.0,9.0,2.0,7.0,170.87881981032666,Unhealthy
2021-07-21,96.0,48.0,4.0,6.0,2.0,4.0,171.91148577449948,Unhealthy
2021-07-22,78.0,53.0,4.0,7.0,2.0,6.0,162.61749209694415,Unhealthy
2021-07-23,86.0,63.0,9.0,9.0,2.0,6.0,166.7481559536354,Unhealthy
2021-07-24,101.0,58.0,16.0,7.0,2.0,5.0,174.4931506849315,Unhealthy
2021-07-25,89.0,60.0,8.0,7.0,2.0,5.0,168.29715489989462,Unhealthy
2021-07-26,115.0,45.0,1.0,7.0,2.0,5.0,181.7218124341412,Unhealthy
2021-07-28,50.0,38.0,6.0,7.0,2.0,6.0,136.7035175879397,Unhealthy for Sensitive Groups
2021-07-29,71.0,49.0,4.0,9.0,2.0,10.0,159.00316122233932,Unhealthy
2021-07-30,95.0,44.0,36.0,5.0,2.0,12.0,171.39515279241306,Unhealthy
2021-07-31,69.0,50.0,6.0,8.0,2.0,14.0,176.3448275862069,Unhealthy
2021-08-01,85.0,64.0,32.0,8.0,1.0,14.0,176.3448275862069,Unhealthy
2021-08-02,116.0,53.0,6.0,6.0,1.0,11.0,182.2381454162276,Unhealthy
2021-08-03,78.0,48.0,5.0,6.0,1.0,12.0,162.61749209694415,Unhealthy
2021-08-04,62.0,66.0,7.0,6.0,1.0,11.0,154.35616438356163,Unhealthy
2021-08-05,96.0,75.0,9.0,8.0,1.0,12.0,171.91148577449948,Unhealthy
2021-08-06,118.0,69.0,3.0,9.0,1.0,14.0,183.2708113804004,Unhealthy
2021-08-07,114.0,61.0,4.0,9.0,1.0,13.0,181.2054794520548,Unhealthy
2021-08-08,113.0,64.0,6.0,8.0,1.0,12.0,180.6891464699684,Unhealthy
2021-08-09,114.0,90.0,5.0,7.0,2.0,12.0,181.2054794520548,Unhealthy
2021-08-10,87.0,76.0,5.0,6.0,1.0,10.0,167.2644889357218,Unhealthy
2021-08-11,69.0,79.0,8.0,6.0,1.0,10.0,157.9704952581665,Unhealthy
2021-08-12,70.0,74.0,8.0,6.0,1.0,10.0,158.4868282402529,Unhealthy
2021-08-13,67.0,79.0,9.0,5.0,1.0,10.0,156.93782929399367,Unhealthy
2021-08-14,71.0,75.0,9.0,5.0,1.0,10.0,159.00316122233932,Unhealthy
2021-08-15,75.0,85.0,11.0,7.0,1.0,11.0,161.06849315068493,Unhealthy
2021-08-16,83.0,99.0,10.0,8.0,1.0,12.0,165.1991570073762,Unhealthy
2021-08-17,114.0,105.0,12.0,10.0,1.0,13.0,181.2054794520548,Unhealthy
2021-08-18,142.0,113.0,10.0,10.0,1.0,11.0,195.66280295047417,Unhealthy
2021-08-19,156.0,44.0,3.0,7.0,1.0,11.0,206.4504504504505,Very Unhealthy
2021-08-20,84.0,20.0,3.0,5.0,1.0,11.0,165.71548998946258,Unhealthy
2021-08-21,66.0,47.0,3.0,6.0,1.0,12.0,156.42149631190728,Unhealthy
2021-08-22,109.0,51.0,6.0,10.0,1.0,12.0,178.62381454162275,Unhealthy
2021-08-23,96.0,73.0,2.0,9.0,1.0,14.0,176.3448275862069,Unhealthy
2021-08-24,116.0,80.0,3.0,7.0,1.0,10.0,182.2381454162276,Unhealthy
2021-08-25,91.0,87.0,4.0,7.0,1.0,11.0,169.32982086406744,Unhealthy
2021-08-26,81.0,117.0,10.0,9.0,1.0,11.0,164.16649104320337,Unhealthy
2021-08-27,108.0,94.0,10.0,9.0,1.0,12.0,178.10748155953635,Unhealthy
2021-08-28,127.0,81.0,6.0,7.0,1.0,11.0,187.91780821917808,Unhealthy
2021-08-29,129.0,37.0,6.0,4.0,1.0,10.0,188.95047418335088,Unhealthy
2021-08-30,77.0,32.0,1.0,6.0,1.0,11.0,162.10115911485775,Unhealthy
2021-08-31,57.0,34.0,1.0,7.0,1.0,11.0,151.77449947312962,Unhealthy
2021-09-01,67.0,42.0,7.0,9.0,1.0,12.0,156.93782929399367,Unhealthy
2021-09-02,77.0,40.0,7.0,9.0,1.0,11.0,162.10115911485775,Unhealthy
2021-09-03,68.0,43.0,6.0,11.0,1.0,13.0,159.44827586206895,Unhealthy
2021-09-04,68.0,60.0,9.0,9.0,1.0,13.0,159.44827586206895,Unhealthy
2021-09-05,104.0,72.0,12.0,10.0,1.0,13.0,176.04214963119074,Unhealthy
2021-09-06,124.0,58.0,18.0,7.0,1.0,12.0,186.36880927291887,Unhealthy
2021-09-07,106.0,44.0,5.0,5.0,1.0,10.0,177.07481559536353,Unhealthy
2021-09-08,70.0,49.0,5.0,6.0,1.0,10.0,158.4868282402529,Unhealthy
2021-09-09,82.0,47.0,4.0,6.0,1.0,10.0,164.6828240252898,Unhealthy
2021-09-10,85.0,25.0,7.0,8.0,1.0,11.0,166.231822971549,Unhealthy
2021-09-11,62.0,35.0,4.0,8.0,1.0,13.0,159.44827586206895,Unhealthy
2021-09-12,73.0,62.0,31.0,8.0,1.0,11.0,160.0358271865121,Unhealthy
2021-09-13,107.0,65.0,7.0,6.0,1.0,12.0,177.59114857744996,Unhealthy
2021-09-14,73.0,48.0,6.0,6.0,1.0,11.0,160.0358271865121,Unhealthy
2021-09-15,58.0,44.0,3.0,7.0,1.0,11.0,152.29083245521602,Unhealthy
2021-09-16,63.0,51.0,7.0,6.0,1.0,10.0,154.87249736564806,Unhealthy
2021-09-17,68.0,56.0,8.0,7.0,2.0,11.0,157.4541622760801,Unhealthy
2021-09-18,89.0,52.0,8.0,7.0,1.0,11.0,168.29715489989462,Unhealthy
2021-09-19,78.0,53.0,7.0,7.0,1.0,12.0,162.61749209694415,Unhealthy
2021-09-20,80.0,53.0,6.0,7.0,1.0,10.0,163.65015806111697,Unhealthy
2021-09-21,80.0,44.0,8.0,7.0,1.0,10.0,163.65015806111697,Unhealthy
2021-09-22,75.0,42.0,6.0,6.0,1.0,10.0,161.06849315068493,Unhealthy
2021-09-23,67.0,47.0,5.0,8.0,1.0,11.0,156.93782929399367,Unhealthy
2021-09-24,68.0,64.0,12.0,8.0,1.0,11.0,157.4541622760801,Unhealthy
2021-09-25,103.0,53.0,9.0,7.0,1.0,11.0,175.5258166491043,Unhealthy
2021-09-26,95.0,79.0,18.0,9.0,1.0,12.0,171.39515279241306,Unhealthy
2021-09-27,129.0,71.0,16.0,8.0,1.0,11.0,188.95047418335088,Unhealthy
2021-09-28,110.0,53.0,8.0,7.0,1.0,12.0,179.14014752370915,Unhealthy
2021-09-29,76.0,58.0,9.0,8.0,1.0,9.0,161.58482613277133,Unhealthy
2021-09-30,89.0,82.0,13.0,13.0,1.0,13.0,168.29715489989462,Unhealthy
2021-04-01,98.0,102.0,22.0,14.0,3.0,5.0,172.94415173867228,Unhealthy
2021-04-02,117.0,90.0,31.0,17.0,3.0,7.0,182.754478398314,Unhealthy
2021-04-03,130.0,101.0,29.0,18.0,3.0,8.0,189.4668071654373,Unhealthy
2021-04-04,130.0,127.0,32.0,24.0,3.0,9.0,189.4668071654373,Unhealthy
2021-04-05,155.0,172.0,53.0,21.0,4.0,7.0,205.45945945945945,Very Unhealthy
2021-04-06,181.0,143.0,31.0,11.0,3.0,5.0,231.2252252252252,Very Unhealthy
2021-04-07,141.0,90.0,27.0,14.0,3.0,7.0,195.14646996838772,Unhealthy
2021-04-08,108.0,90.0,27.0,15.0,3.0,8.0,178.10748155953635,Unhealthy
2021-04-09,113.0,91.0,30.0,16.0,2.0,9.0,180.6891464699684,Unhealthy
2021-04-10,111.0,103.0,30.0,17.0,4.0,7.0,179.65648050579557,Unhealthy
2021-04-11,128.0,131.0,32.0,20.0,3.0,6.0,188.43414120126448,Unhealthy
2021-04-12,164.0,129.0,25.0,18.0,4.0,6.0,214.3783783783784,Very Unhealthy
2021-04-13,147.0,107.0,23.0,13.0,3.0,4.0,198.2444678609062,Unhealthy
2021-04-14,122.0,136.0,27.0,16.0,3.0,6.0,185.33614330874605,Unhealthy
2021-04-15,130.0,242.0,6.0,15.0,2.0,5.0,189.4668071654373,Unhealthy
2021-04-19,124.0,115.0,26.0,13.0,4.0,2.0,186.36880927291887,Unhealthy
2021-04-20,156.0,67.0,20.0,5.0,2.0,4.0,206.4504504504505,Very Unhealthy
2021-04-21,80.0,81.0,27.0,7.0,3.0,4.0,163.65015806111697,Unhealthy
2021-04-22,100.0,83.0,20.0,6.0,3.0,3.0,173.9768177028451,Unhealthy
2021-04-23,97.0,67.0,28.0,8.0,3.0,4.0,172.42781875658588,Unhealthy
2021-04-24,82.0,107.0,31.0,13.0,3.0,5.0,164.6828240252898,Unhealthy
2021-04-25,135.0,168.0,37.0,19.0,4.0,9.0,192.0484720758693,Unhealthy
2021-04-26,194.0,197.0,36.0,19.0,5.0,10.0,244.1081081081081,Very Unhealthy
2021-04-27,197.0,213.0,34.0,16.0,4.0,7.0,247.0810810810811,Very Unhealthy
2021-04-28,208.0,246.0,35.0,12.0,4.0,6.0,257.981981981982,Very Unhealthy
2021-04-29,195.0,188.0,30.0,14.0,3.0,7.0,245.0990990990991,Very Unhealthy
2021-04-30,167.0,141.0,36.0,8.0,3.0,5.0,217.35135135135133,Very Unhealthy
2021-05-01,135.0,103.0,26.0,9.0,2.0,5.0,192.0484720758693,Unhealthy
2021-05-02,125.0,167.0,21.0,9.0,2.0,5.0,186.8851422550053,Unhealthy
2021-05-03,132.0,102.0,19.0,9.0,2.0,5.0,190.49947312961007,Unhealthy
2021-05-04,112.0,117.0,29.0,6.0,3.0,5.0,180.172813487882,Unhealthy
2021-05-05,147.0,93.0,21.0,5.0,2.0,5.0,198.2444678609062,Unhealthy
2021-05-06,128.0,81.0,37.0,9.0,3.0,6.0,188.43414120126448,Unhealthy
2021-05-07,128.0,82.0,35.0,10.0,2.0,6.0,188.43414120126448,Unhealthy
2021-05-08,131.0,80.0,30.0,6.0,2.0,5.0,189.9831401475237,Unhealthy
2021-05-09,131.0,82.0,26.0,10.0,2.0,6.0,189.9831401475237,Unhealthy
2021-05-10,131.0,88.0,31.0,7.0,2.0,5.0,189.9831401475237,Unhealthy
2021-05-11,119.0,94.0,23.0,6.0,2.0,4.0,183.78714436248683,Unhealthy
2021-05-12,94.0,60.0,22.0,6.0,2.0,5.0,170.87881981032666,Unhealthy
2021-05-13,84.0,71.0,30.0,6.0,2.0,5.0,165.71548998946258,Unhealthy
2021-05-14,102.0,128.0,25.0,8.0,2.0,5.0,175.00948366701792,Unhealthy
2021-05-15,90.0,82.0,37.0,12.0,3.0,6.0,168.81348788198102,Unhealthy
2021-05-16,130.0,98.0,20.0,19.0,2.0,8.0,189.4668071654373,Unhealthy
2021-05-17,140.0,49.0,9.0,6.0,2.0,5.0,194.63013698630127,Unhealthy
2021-05-18,70.0,40.0,6.0,6.0,2.0,5.0,158.4868282402529,Unhealthy
2021-05-19,85.0,43.0,15.0,5.0,2.0,6.0,166.231822971549,Unhealthy
2021-05-20,82.0,44.0,14.0,8.0,2.0,6.0,164.6828240252898,Unhealthy
2021-05-21,75.0,42.0,24.0,7.0,2.0,5.0,161.06849315068493,Unhealthy
2021-05-22,66.0,401.0,22.0,7.0,2.0,5.0,267.0,Very Unhealthy
2021-05-23,162.0,93.0,25.0,7.0,2.0,5.0,212.3963963963964,Very Unhealthy
2021-05-24,111.0,79.0,80.0,10.0,2.0,5.0,179.65648050579557,Unhealthy
2021-05-25,87.0,122.0,59.0,15.0,3.0,8.0,167.2644889357218,Unhealthy
2021-05-26,153.0,95.0,33.0,15.0,2.0,8.0,203.47747747747744,Very Unhealthy
2021-05-27,121.0,79.0,16.0,6.0,2.0,6.0,184.81981032665965,Unhealthy
2021-05-28,93.0,66.0,14.0,3.0,2.0,5.0,170.36248682824026,Unhealthy
2021-05-29,53.0,97.0,14.0,5.0,2.0,5.0,144.09045226130655,Unhealthy for Sensitive Groups
2021-05-30,59.0,87.0,24.0,14.0,2.0,8.0,152.80716543730242,Unhealthy
2021-05-31,99.0,92.0,24.0,9.0,2.0,7.0,173.4604847207587,Unhealthy
2021-06-01,77.0,79.0,20.0,10.0,2.0,8.0,162.10115911485775,Unhealthy
2021-06-02,114.0,96.0,41.0,12.0,3.0,8.0,181.2054794520548,Unhealthy
2021-06-03,142.0,91.0,24.0,11.0,2.0,7.0,195.66280295047417,Unhealthy
2021-06-04,128.0,80.0,25.0,11.0,2.0,6.0,188.43414120126448,Unhealthy
2021-06-05,102.0,99.0,20.0,11.0,2.0,7.0,175.00948366701792,Unhealthy
2021-06-06,99.0,104.0,42.0,14.0,3.0,10.0,173.4604847207587,Unhealthy
2021-06-07,119.0,246.0,10.0,11.0,3.0,8.0,183.78714436248683,Unhealthy
2021-06-08,124.0,187.0,12.0,8.0,2.0,7.0,186.36880927291887,Unhealthy
2021-06-09,106.0,124.0,10.0,5.0,3.0,6.0,177.07481559536353,Unhealthy
2021-06-10,131.0,121.0,13.0,7.0,3.0,6.0,189.9831401475237,Unhealthy
2021-06-11,95.0,63.0,8.0,5.0,3.0,6.0,171.39515279241306,Unhealthy
2021-06-12,90.0,61.0,11.0,5.0,3.0,7.0,168.81348788198102